DROP TABLE IF EXISTS `registered_users`.`users`;
DROP TABLE IF EXISTS `registered_users`.`users_data`;
DROP TABLE IF EXISTS `registered_users`.`roles`;

-- Table users

CREATE TABLE `registered_users`.`users`
(
  `id` Int(11) UNSIGNED NOT NULL AUTO_INCREMENT,
  `login` Varchar(50) NOT NULL,
  `password` Varchar(32) NOT NULL,
  `role_id` Int(11) UNSIGNED NOT NULL DEFAULT 1,
  `created_at` DATETIME NOT NULL DEFAULT CURRENT_TIMESTAMP,

  PRIMARY KEY (`id`),
  INDEX `role_id` (`role_id`),
  UNIQUE `login` (`login`)
) default charset utf8;

-- Table users_data

CREATE TABLE `registered_users`.`users_data`
(
  `id` Int(11) UNSIGNED NOT NULL AUTO_INCREMENT,
  `first_name` Varchar(50),
  `last_name` Varchar(50),
  `birth_date` Date,
  `gender` Varchar(10),
  `user_id` Int(11) UNSIGNED NOT NULL,

  INDEX `user_id` (`user_id`),
  PRIMARY KEY (`id`)
) default charset utf8;

-- Table roles

CREATE TABLE `registered_users`.`roles`(  
    `id` Int(11) UNSIGNED NOT NULL AUTO_INCREMENT,
    `role` Varchar(5),
    
    PRIMARY KEY (`id`)
) default charset utf8;

-- Create foreign keys (relationships) section -------------------------------------------------

ALTER TABLE `registered_users`.`users_data` ADD FOREIGN KEY (`user_id`) REFERENCES `registered_users`.`users` (`id`) ON DELETE CASCADE ON UPDATE CASCADE
;

ALTER TABLE `registered_users`.`users` ADD FOREIGN KEY (`role_id`) REFERENCES `registered_users`.`roles` (`id`) ON DELETE RESTRICT ON UPDATE CASCADE
;

INSERT INTO `registered_users`.`roles`(id, role) VALUES (1, 'user'), (2, 'admin');

INSERT INTO
  users(id, login, password, role_id, created_at)
VALUES(
    1,
    'admin',
    'c93ccd78b2076528346216b3b2f701e6',
    2,
    '2021-07-06 19:13:23'
  ),(
    2,
    'admin2',
    'c93ccd78b2076528346216b3b2f701e6',
    2,
    '2021-07-06 19:16:53'
  ),(
    21,
    'qjkovub',
    '27834ee218330c732c9ff0e844c70117',
    1,
    '2019-04-24 03:26:23'
  ),(
    22,
    'iplehdvjqvcunxuje',
    '25aefe4e9ae6d2d58670c6131ce59e85',
    1,
    '1980-08-11 04:58:11'
  ),(
    23,
    'xrfhbvqdjsx',
    '305ce161bcb4e799d6ff80c937976393',
    1,
    '2001-01-16 02:07:37'
  ),(
    24,
    'ufpcqkgdn',
    'aeb06bdcea0705e9d1d59346064cd130',
    1,
    '2000-08-19 05:39:49'
  ),(
    25,
    'wvkwilnfyssrdb',
    '7b35c997c87927848c97803d703419c0',
    1,
    '1987-07-04 15:20:35'
  ),(
    26,
    'ftvupesk',
    'a4d6d06354b28aad3c326efa874c1da9',
    1,
    '1984-06-02 04:43:43'
  ),(
    27,
    'yvfcqpvqtsrrqikiiv',
    '2a22dba13f141b2d14e49299e20e120d',
    1,
    '2007-07-13 04:34:35'
  ),(
    28,
    'erosygehptdialj',
    '665a008e13122319f8d11359acb63790',
    1,
    '1981-07-03 09:55:02'
  ),(
    29,
    'nadnvlxi',
    '06e16d38d458ec0596cd32a75d1bf37e',
    1,
    '2015-01-26 07:49:26'
  ),(
    30,
    'yuqdwfyteepm',
    'acc0ba432a18fc7d389aaf573510588f',
    1,
    '1982-11-04 00:51:48'
  ),(
    31,
    'ndeilbchjkwj',
    'd9b1ece57bde91beac4b6c7c6e76bce1',
    1,
    '1978-12-08 12:48:54'
  ),(
    32,
    'vspldeilamem',
    '9d67443210703cb4d8de11b7991d869d',
    1,
    '2008-01-09 00:13:20'
  ),(
    33,
    'ttclbvbppripbeuun',
    '528d6b604fcb7fca03ac9976fb1a6d46',
    1,
    '1989-12-14 17:14:30'
  ),(
    34,
    'vivjmbmyu',
    '08e886627bc8f9a17c1c5cdd1cba1bb1',
    1,
    '2015-10-07 22:09:39'
  ),(
    35,
    'qdmyafnham',
    'c63697b0a0e2a52fc85122c7c32fed8b',
    1,
    '1991-07-17 00:29:06'
  ),(
    36,
    'yxeriggsivbo',
    '575cc5048c50153380c68c735263a6a5',
    1,
    '1975-12-02 06:50:51'
  ),(
    37,
    'tcfkpryeywa',
    '8bbdcc0750040408aabedc1b0bee82f4',
    1,
    '2012-01-02 18:11:04'
  ),(
    38,
    'hjapbukhqqgfhod',
    '739c76d853bb03aaa9d39dcc91f2470b',
    1,
    '1996-08-06 22:13:42'
  ),(
    39,
    'vqhjyoc',
    'e83a9ae159ba0564a9de48307459f66b',
    1,
    '1980-04-10 11:14:05'
  ),(
    40,
    'gxoohwxvaur',
    '4fe344a165448347fe5782a1b1f093b9',
    1,
    '2015-05-10 23:10:41'
  ),(
    41,
    'lhheqkmnscqgb',
    '3210add13a01f33ab0569406c73cb36b',
    1,
    '1994-03-13 06:59:16'
  ),(
    42,
    'eqsvshofdujxrdwzrg',
    'fda0177dd1161d95f0aa163a8af08e38',
    1,
    '1985-04-30 06:42:44'
  ),(
    43,
    'tzwogybehsbomj',
    '1b6375dce464549f9aea39b4c15fbe9a',
    1,
    '2004-11-12 00:11:52'
  ),(
    44,
    'wwbpfnie',
    '451ad36a88ff7fede4186ac0dd967b2b',
    1,
    '2002-07-21 21:49:27'
  ),(
    45,
    'jfrnho',
    'ccc0e91152f254c901ecaf441b5f3106',
    1,
    '1998-07-01 13:44:20'
  ),(
    46,
    'aexbyy',
    '77211559f726eef86a6da1d3498c02d2',
    1,
    '1979-12-25 12:10:13'
  ),(
    47,
    'sqzkktgoslzb',
    '3e5a96e21d018452743aab8c36cf12d4',
    1,
    '1976-02-26 08:47:23'
  ),(
    48,
    'yntryu',
    'c0dfdfdd727919d65e0f5e5b13c9ee54',
    1,
    '1972-02-06 15:14:48'
  ),(
    49,
    'qvqmtvtvxslfxuyhhxq',
    '167e99e2a7cdc1b9188c09708933c6ab',
    1,
    '1986-06-14 10:17:27'
  ),(
    50,
    'ftflqhhhxvqsctyb',
    'd590afe859b12fba3680c3561ee5af51',
    1,
    '2005-10-13 03:02:45'
  ),(
    51,
    'qguvaop',
    'e5f3e54900b884ecd3ac8598c337f307',
    1,
    '1999-07-05 12:19:10'
  ),(
    52,
    'iqmnyooc',
    '0994f3cb6214fceca842c9e93067da65',
    1,
    '1971-06-29 20:41:42'
  ),(
    53,
    'qnkeluqheshqeikah',
    'e0dbda0fac3a9ac1380205c39c2616c2',
    1,
    '1988-05-01 13:08:42'
  ),(
    54,
    'cynrlx',
    'b2ae5dba613732f738291049f015a517',
    1,
    '1990-01-23 18:24:04'
  ),(
    55,
    'uvaigxixcts',
    '9ba99eb094021f36fad7415d64d338b6',
    1,
    '1981-03-27 21:03:16'
  ),(
    56,
    'fjbhggd',
    '242ab5d0e7867a0c1bb7adff34c1947e',
    1,
    '1995-02-22 20:11:16'
  ),(
    57,
    'yjdmdckojfl',
    '8d21bd2d4ddea049dc131f7d164a6d5f',
    1,
    '2005-06-03 08:17:21'
  ),(
    58,
    'fopmmnfegvwqfilv',
    'd2c65408fdc4c846eb364d4b438d8a4a',
    1,
    '1983-12-18 16:33:55'
  ),(
    59,
    'qjlvgx',
    '2e05c3d607fe7092f6dea20a73b3acba',
    1,
    '1970-08-13 19:13:32'
  ),(
    60,
    'ndjfnxrcwcvqzvkitx',
    'ee6250b30f1c6942f8ea4edef8055869',
    1,
    '1997-07-31 13:43:49'
  ),(
    61,
    'qfffbdgtst',
    'a2f01de414bd134f557f40bfa447e41b',
    1,
    '1999-05-17 14:46:27'
  ),(
    62,
    'ehbovx',
    '304c5d31c9d8b94e185681cf37334b45',
    1,
    '2008-06-15 22:16:10'
  ),(
    63,
    'bxszknnlhpohqdw',
    '3386e02abf07d3bf07855796122ba4dd',
    1,
    '2014-10-06 19:31:25'
  ),(
    64,
    'zncisncv',
    'e9df03f014c9e8d8640baefbf2420c27',
    1,
    '1994-02-16 19:02:20'
  ),(
    65,
    'stddqkmndeljjsa',
    '46d66f76764db842d60612cce2c95592',
    1,
    '2006-01-24 02:57:20'
  ),(
    66,
    'fuogjvevzzfftgli',
    '83639a74b3e17c58142daa2fbf8380fb',
    1,
    '2009-04-17 18:30:42'
  ),(
    67,
    'vekhssv',
    'f15ea86991586f6c9e7f26794be3bea8',
    1,
    '1978-02-07 01:52:20'
  ),(
    68,
    'exajrfly',
    '1f275dcd5a3c570a3425439f2ca081ac',
    1,
    '1991-07-04 19:49:09'
  ),(
    69,
    'mmoxnptizvypwjh',
    '3f1c0656c66f4b0911171caf7ae6013e',
    1,
    '1984-09-13 06:16:30'
  ),(
    70,
    'sceypqxxrslugjnbtk',
    '59c4303630670fc1978f3baaeec1979c',
    1,
    '1990-04-16 07:33:29'
  ),(
    71,
    'dcexbesxuvzekr',
    '5cb311050838a806611d98420717c0f0',
    1,
    '2001-08-02 11:03:44'
  ),(
    72,
    'ersvrktl',
    '694d0f27a7d4b0ab547f1afebf048fa7',
    1,
    '2017-10-29 10:03:28'
  ),(
    73,
    'xsjnga',
    'a5c0bc8c3b2e5097ee0dc08bba299417',
    1,
    '2000-03-12 19:50:09'
  ),(
    74,
    'wvxddcfvxis',
    '948a426139b9f9d035931ced658f2250',
    1,
    '1996-12-25 11:40:35'
  ),(
    75,
    'lwfpg',
    '01ae4949176e88e597d028cc7934aef9',
    1,
    '1987-02-17 21:59:27'
  ),(
    76,
    'aybdivooue',
    'e75d51b338488a7287324c3c42cf6419',
    1,
    '2021-06-29 14:05:10'
  ),(
    77,
    'mhzfck',
    '6e903cb15f5dbcaaaf7a3d6dca961fc3',
    1,
    '1978-08-25 07:15:05'
  ),(
    78,
    'rwyucfjlsynrgseqebpb',
    '6a54071afd8a91577aee896d2829634d',
    1,
    '1998-04-15 01:23:43'
  ),(
    79,
    'luuzl',
    'addc4703cb7288c1faa0dc4a6fb932dd',
    1,
    '1981-05-27 18:37:15'
  ),(
    80,
    'dqgqllahwlf',
    '93d3abcc76805de6e4fc0ce9f80e93cf',
    1,
    '1982-08-02 20:15:38'
  ),(
    81,
    'qowxgygspcw',
    'f1bc3542fc46a81c7e8a944bdf02ee67',
    1,
    '2014-11-05 04:17:11'
  ),(
    82,
    'olysbzlilxjutnfbqe',
    '4bdf6440cdabc2f5fb3b5ae3976c0a49',
    1,
    '1971-10-18 07:35:06'
  ),(
    83,
    'xuajnceka',
    '775070f1a6ef5124ea43b496fec4b25a',
    1,
    '2003-10-27 18:56:09'
  ),(
    84,
    'ugfggbgnugysjlyy',
    'a54b7aafa70a07e07a409f300da44757',
    1,
    '2018-08-11 03:18:14'
  ),(
    85,
    'wncdnqwbs',
    '927dc8278986a94e32866f83fcd19247',
    1,
    '1985-10-02 19:18:52'
  ),(
    86,
    'dqyotijyjakwl',
    'f094aa56564253158b54c9be9c75569d',
    1,
    '2012-07-15 11:33:24'
  ),(
    87,
    'mgctrid',
    'cb05b47b5eed1d0e88f2fa06deb6b89c',
    1,
    '1991-10-14 17:34:56'
  ),(
    88,
    'iusoydyngjulmftmu',
    '549952a77f8160f943f67a5fd6024567',
    1,
    '2013-05-01 13:40:42'
  ),(
    89,
    'xluadfuoeqddg',
    '915255046719309a47a58569bf6ddc60',
    1,
    '2021-06-05 19:20:37'
  ),(
    90,
    'bcmmruiirqyv',
    'c84c7fd7ebd1fbe684688e46f42257cf',
    1,
    '1996-12-26 19:59:07'
  ),(
    91,
    'xjgfvhkpl',
    'ce66e868d9a5c6d5822c9f24c20f3574',
    1,
    '2020-12-02 10:50:19'
  ),(
    92,
    'cizijjqqnj',
    '91bbed8d68ef07f127a94d2dc3df03b7',
    1,
    '1981-07-31 21:23:35'
  ),(
    93,
    'pueueshczzumq',
    'f78c92f842b88a13b6d3b12dde0cfa74',
    1,
    '1976-06-09 00:34:39'
  ),(
    94,
    'phfdwplbclgpkjwh',
    '016ed4008f1e4a88d4ca5bcc97baf219',
    1,
    '2020-09-30 10:54:13'
  ),(
    95,
    'vejux',
    'e41c6a4a1ac312ce0976a18c0d930beb',
    1,
    '2016-07-12 01:05:45'
  ),(
    96,
    'lgjdkk',
    'c0145b7688987528bfacb975d412522c',
    1,
    '1980-08-03 01:16:56'
  ),(
    97,
    'hvusrqetmkkgklbubpa',
    'a25b43af101ce01f4b1c59c0d6bd2029',
    1,
    '1986-05-29 12:30:57'
  ),(
    98,
    'kyjofjnwj',
    '45cff226445d209d9517c6e6bee075f7',
    1,
    '2020-12-30 09:37:16'
  ),(
    99,
    'pvykqvisydunju',
    '713315c884fbcaa9afbc923676b53816',
    1,
    '2009-03-14 23:16:47'
  ),(
    100,
    'mqltgwbme',
    '67936b7b0034b8553252df6e71402b06',
    1,
    '1999-08-12 22:17:41'
  ),(
    101,
    'sieidlsqofgoiqtpluv',
    'c6bdb9953021d3d048246236d7032d3c',
    1,
    '2009-04-12 23:49:55'
  ),(
    102,
    'avniybjgnv',
    '1c681594e81e3aa92ef12db0f445a062',
    1,
    '1976-12-17 22:19:38'
  ),(
    103,
    'wocxhnani',
    '8ca4378fdb703562f74f110244302f71',
    1,
    '2008-05-13 04:40:16'
  ),(
    104,
    'lyopibijuolxmudjkc',
    '871002be4f550d720249f0aa962e1c68',
    1,
    '1992-01-19 08:23:33'
  ),(
    105,
    'nsdqvdqjppf',
    'fcf97fcab49656d649c3c5a560000c7e',
    1,
    '2017-03-11 11:37:00'
  ),(
    106,
    'kndswsle',
    'f822490fe5bc7b8fd69932de2ed3fca8',
    1,
    '2016-04-20 07:55:49'
  ),(
    107,
    'cbeqohnmpdnxn',
    '723b02e65e9f65ea0694f547aeb35d91',
    1,
    '2001-10-06 21:32:05'
  ),(
    108,
    'xojfdfkb',
    '1cdc5c26d349e6446a30e043b125decf',
    1,
    '2008-08-25 06:43:04'
  ),(
    109,
    'ybershxqnsbwcwddej',
    'ae474d6b97cd92f6e7bec3dc30cd4ea0',
    1,
    '1986-02-11 19:17:17'
  ),(
    110,
    'xppcoqigm',
    '4df1ce58260c4019d9aa9883309dcfec',
    1,
    '1972-01-10 01:25:26'
  ),(
    111,
    'lpduhwrvuf',
    'a38c399744e39bd47a911b707607c0b6',
    1,
    '2002-07-12 04:29:19'
  ),(
    112,
    'tzbksyxzmrkebqkhb',
    'aeb3f5703e9e088a68fabe0a644bccf6',
    1,
    '2014-11-15 06:26:08'
  ),(
    113,
    'cfqhijzsshokhzqlwm',
    'b5ab8b7e5b277cf84a770a7b054d00f9',
    1,
    '1990-05-21 20:53:21'
  ),(
    114,
    'vptuuxxqgx',
    'e2595923fa0dbc560358375a22ae8d5a',
    1,
    '2003-08-03 13:25:17'
  ),(
    115,
    'nxnftufhzjq',
    '685eeac4f38421f792a805ce13869731',
    1,
    '1980-10-13 07:08:21'
  ),(
    116,
    'wmrrsr',
    '0dbdf55ba375a7cfe4c4c1c5b208395b',
    1,
    '1999-01-01 02:39:56'
  ),(
    117,
    'nogcooa',
    'e1e88510a609c78b444943cc9ba1989b',
    1,
    '2006-08-14 06:33:18'
  ),(
    118,
    'knrvgeqssfncod',
    'acfa3eae9eb7171e561caa09dde36f9e',
    1,
    '2006-09-06 03:12:11'
  ),(
    119,
    'icehjdbdr',
    '6e4891a237aa4b130e5e0a47c6d4a149',
    1,
    '2006-08-23 16:30:36'
  ),(
    120,
    'zjgbmgkwycjgoldh',
    '4c3ff5ccb722734ed232dfe1bb85c8df',
    1,
    '1997-07-05 16:17:51'
  ),(
    121,
    'ltzsfhuvge',
    '1860020c484253178023238f01556ddf',
    1,
    '2015-01-09 13:41:26'
  ),(
    122,
    'cfkxpy',
    'fe20b424f5f4d313f3cacba623d19ab9',
    1,
    '2005-09-15 22:25:04'
  ),(
    123,
    'tdsqnhuxclfn',
    '6e68d0e19d398946fd6f180885c10349',
    1,
    '1981-05-02 01:04:54'
  ),(
    124,
    'jiyyseguomucnc',
    'ca4af7e47e6df42e181c6bc5e0b7176a',
    1,
    '1974-11-28 10:21:16'
  ),(
    125,
    'mfepuge',
    '8c6a4b7b053e943635dbc7e7934d2d34',
    1,
    '2000-03-26 22:07:14'
  ),(
    126,
    'dqmcnyowfqyo',
    '0554f183ced4b72507588c683d25079a',
    1,
    '1988-03-06 02:08:33'
  ),(
    127,
    'ozrkgovszakjwuqvti',
    'd0ee0806b2785c3b655977a9492c9f82',
    1,
    '1986-07-31 07:35:15'
  ),(
    128,
    'barretanv',
    '05f4ba2d5b2e4bc251a39c336251480b',
    1,
    '1988-02-29 08:14:01'
  ),(
    129,
    'edjzat',
    'dcc6b05981e058afa318bedd2475d908',
    1,
    '1997-12-19 18:37:45'
  ),(
    130,
    'clalsot',
    '97b32ef2bb61ea128a4377515bcaac94',
    1,
    '2002-06-21 11:04:43'
  ),(
    131,
    'vkoqdeufe',
    'e9a8845ba42bdc8e05cca77489d6cff4',
    1,
    '1978-11-24 09:43:19'
  ),(
    132,
    'knomlimr',
    '11d0836182ff6892c8d8b4f35eee179f',
    1,
    '1998-04-20 18:36:33'
  ),(
    133,
    'gvanmexmwjxkqmuy',
    '4db3b8b268060f43e60f5782fcbb2745',
    1,
    '1985-08-23 08:23:33'
  ),(
    134,
    'tfseclm',
    '7d800129cc426d68b9050c81afe71aa5',
    1,
    '1997-10-11 05:48:45'
  ),(
    135,
    'ihvovzkqduhibu',
    'b5b5f6e20149073717e51a5d7af6f4a3',
    1,
    '1970-01-21 07:10:35'
  ),(
    136,
    'nrolkxlka',
    '5386a45e00e9d30a91edb74527be8d2a',
    1,
    '1982-08-25 06:37:45'
  ),(
    137,
    'aybktfedpfuz',
    '9b287d7417b3643d922b254528b7d33a',
    1,
    '1980-05-05 19:21:55'
  ),(
    138,
    'kgowyjcxmi',
    '1624a6561d3e32a5017b232c8f5afdc6',
    1,
    '2010-03-26 06:32:33'
  ),(
    139,
    'qnyiawtqmqodyub',
    'b384be9e62ada53b34ea1b847b289e1f',
    1,
    '2019-07-10 13:05:53'
  ),(
    140,
    'rmujvypsi',
    '6e349a8fcc95005cad451513f203db7f',
    1,
    '2000-09-02 08:35:01'
  ),(
    141,
    'jhoqxx',
    'eb2f078081e91de71a7132f63defc5a8',
    1,
    '1973-05-30 01:28:07'
  ),(
    142,
    'jguwh',
    '5cf0642287d10752d800c85723f6163c',
    1,
    '1979-09-03 04:48:43'
  ),(
    143,
    'uriietqnpkrplotsp',
    '8f87cab332f9d481954729f059d78739',
    1,
    '2003-04-16 10:44:41'
  ),(
    144,
    'ehicczkxmdgdk',
    '2cd0966227e37b3ceca0e8d7ef94089c',
    1,
    '1981-01-06 15:17:24'
  ),(
    145,
    'bjaretkjxymndkeedj',
    '8706d874cafc5b75322fef0723764b42',
    1,
    '1976-07-30 02:41:50'
  ),(
    146,
    'erbebwkstwpmago',
    '3b2a7a7368e4833dc396fa29a844d3b9',
    1,
    '2017-09-14 10:48:14'
  ),(
    147,
    'jjkalbuutjcwvq',
    'ae03fc8a76b5c86a4d176ff2abd86b32',
    1,
    '2008-12-29 02:54:00'
  ),(
    148,
    'yvselpgyjguiuiklcp',
    '3c8e2bb1641c42a1fe0be2930f66fdf2',
    1,
    '1980-09-24 08:27:51'
  ),(
    149,
    'wjgwxmfwofuquznnfoo',
    '8b0e3ec4344e5ccbddcd3374767f9b5c',
    1,
    '2021-05-04 11:11:07'
  ),(
    150,
    'lhiinedwanixseg',
    'f28825478224aca73812ff9549fb9bc5',
    1,
    '2015-03-13 01:05:27'
  ),(
    151,
    'tepcmxafqipjdujjily',
    '97bc007e414b1a92bf566e0cdd1432d7',
    1,
    '1989-05-18 20:42:35'
  ),(
    152,
    'mmwri',
    'a19b5833747afc0e4d1d2c88d46d29e3',
    1,
    '2015-10-16 15:53:40'
  ),(
    153,
    'tiohrhdgwompjvskwgi',
    '9a31616046557b0109cd0602ce1f71fe',
    1,
    '2003-10-25 08:51:05'
  ),(
    154,
    'aollncmke',
    '895525ef6802ba4ecf7170a9ce187940',
    1,
    '1980-08-01 10:11:06'
  ),(
    155,
    'ppvbkrphedwbqfcgvc',
    'f323f788e8d30145fd59a976916e2980',
    1,
    '2008-04-10 16:54:35'
  ),(
    156,
    'hcmryoxvi',
    '94f5cd5e13a9f4a6739ac601cf2905d7',
    1,
    '1977-05-03 19:14:08'
  ),(
    157,
    'heousmvshd',
    'c6306cc06fef6702df82fb59bdc1cab0',
    1,
    '1994-12-12 19:18:43'
  ),(
    158,
    'fkigaohwjj',
    'ed18e056db446c2343f934b743a0f6b6',
    1,
    '2012-07-04 16:24:44'
  ),(
    159,
    'yvmaofeiwswldqvf',
    '11c65e2d90705fc6ae2ed07ab9a61f37',
    1,
    '1980-08-12 14:20:58'
  ),(
    160,
    'iqjzdu',
    '08667db413b4389e48a4315f22cd4f4f',
    1,
    '1997-02-20 21:26:00'
  ),(
    161,
    'cawwoyva',
    '7b5e90d7967ee142cde3deeaf98228a5',
    1,
    '2016-10-04 07:59:34'
  ),(
    162,
    'iyycjuhuarsjp',
    'd9204371ed2ed156d0ab700c3e4d0ed9',
    1,
    '1985-06-21 12:06:25'
  ),(
    163,
    'qptexzysdhqdz',
    '262906ca480cc75e274fe72051122cdc',
    1,
    '2004-10-20 21:28:52'
  ),(
    164,
    'ryxqjiojfndvcimnd',
    '70b6aba8e14580d0d2dbed8327761f4a',
    1,
    '1986-12-20 15:33:08'
  ),(
    165,
    'vtutczb',
    '12cb16f435e2df46fceba718f014baf2',
    1,
    '1990-05-24 23:42:16'
  ),(
    166,
    'rsqjrktdjmzkzqwsmqr',
    'c0571ba6e088a038286acae5fdcb2189',
    1,
    '1976-11-09 20:14:48'
  ),(
    167,
    'kkfilw',
    '5ba41301e64c9b824e70924e3f689c84',
    1,
    '1972-09-20 14:20:49'
  ),(
    168,
    'fypkfqiwhozihjyzsv',
    '07657042407e59dba0c223157585d477',
    1,
    '1973-10-09 03:11:30'
  ),(
    169,
    'vgmajco',
    '7e1ef6aee07cccf710e09d0330c188b8',
    1,
    '1992-01-09 02:37:38'
  ),(
    170,
    'cekjmkqxiqj',
    'a31ed9f34d02f333288a851951df28e1',
    1,
    '1994-01-10 06:28:32'
  ),(
    171,
    'dnxtmdpcrejob',
    '5582b8ca87a9e57d71a8b49d17e6f9da',
    1,
    '2000-06-08 19:57:20'
  ),(
    172,
    'pbxgyfft',
    '9cc4cdbe8d95fa7ac11cf7bb887cba77',
    1,
    '2013-02-25 19:34:56'
  ),(
    173,
    'ggtdcrflmddit',
    'b848f725e9a0d6f4e0c27e85f3f6f6de',
    1,
    '2012-04-27 22:53:24'
  ),(
    174,
    'naqtndsoxcytzhwuej',
    '8f1189ab94767c1b6a58ce6637fa1fdf',
    1,
    '2004-03-07 08:28:56'
  ),(
    175,
    'ycekmgdjntpr',
    '11fa5a6831a9f17b3220138227bf70a6',
    1,
    '2014-07-23 21:12:14'
  ),(
    176,
    'qmlqgcfpgecyb',
    '0acc0d5e74af092d76c72e25fadcccd3',
    1,
    '2012-05-26 19:14:47'
  ),(
    177,
    'whmnwuhjgujb',
    '5c5677c8c378863ff3ed85e71c2d90aa',
    1,
    '1973-02-09 04:52:43'
  ),(
    178,
    'hdjqmhpukg',
    'dc0b4205dad4e80cf24aca7bbd207307',
    1,
    '2009-04-24 14:11:30'
  ),(
    179,
    'ttekmv',
    '57f20b081ed5cdce697787f80493bb10',
    1,
    '2008-01-01 18:09:39'
  ),(
    180,
    'dpwrjeongifbmy',
    'd45c99635223317e2fca67c2445953fe',
    1,
    '1996-12-12 18:38:56'
  ),(
    181,
    'blpexsj',
    '0fc34048cd40aa406546c56dcb2e117d',
    1,
    '2003-05-18 06:59:59'
  ),(
    182,
    'byfrqgg',
    '77dcd57bda8a39edaa68b30c5c659dd7',
    1,
    '1988-04-29 05:29:40'
  ),(
    183,
    'fnimnnkfgegucjnddx',
    '73143d10c86deff63c1e244c8d38398c',
    1,
    '2002-08-20 08:53:08'
  ),(
    184,
    'tfixzvdnhhtmwvsi',
    '1b1632c28aaaced7c5bfdf73439b1558',
    1,
    '1973-01-12 09:45:24'
  ),(
    185,
    'lidem',
    '3701caf2b3bf4528f32fda0f8c107164',
    1,
    '1976-05-07 07:18:55'
  ),(
    186,
    'kezujecxpe',
    '8a5ec330e1577247908135674cec4a8c',
    1,
    '2006-09-08 04:52:11'
  ),(
    187,
    'mmwlcxqhlgjwohal',
    '8dbc997c74c293263c7af8eefb001723',
    1,
    '2008-03-09 14:45:44'
  ),(
    188,
    'mmhzzehovbqughal',
    'c7020ac19c7da170c37b38849109343a',
    1,
    '2017-01-30 12:17:57'
  ),(
    189,
    'qooidtilyjkt',
    'f6aa8f32eda4c8081511d53c62d1bf80',
    1,
    '1992-09-08 02:33:43'
  ),(
    190,
    'xevoklnfownmyfgzpsd',
    'da48571e702fdc0f76599005c5b1ca25',
    1,
    '1999-05-15 07:43:02'
  ),(
    191,
    'okgmfiuzdunxvpeqeg',
    '62a20265b19e6c85ce642978b5938d29',
    1,
    '1980-10-02 05:13:32'
  ),(
    192,
    'qyjgon',
    'c993d0e929d350bc653dd1a1e8fa5b5d',
    1,
    '1982-10-20 22:56:17'
  ),(
    193,
    'cjqnfr',
    'dbcd2d63fbb19ef19b6f63fcb9f620d6',
    1,
    '2018-07-09 17:21:21'
  ),(
    194,
    'ntlenezefeunu',
    'bf2e390fd456cb8b289cfe4e3ca99509',
    1,
    '1997-10-05 15:36:51'
  ),(
    195,
    'ubfmjytvxl',
    '75e437916d036d6018b7f86a6178d60f',
    1,
    '2017-10-31 02:46:27'
  ),(
    196,
    'mhyqfqqjggcmer',
    'f584b0aadde2d1131bcca4552bb45c9b',
    1,
    '1988-11-02 10:51:22'
  ),(
    197,
    'qrhrdghuodffpqniztwp',
    'cb84638859843f656bda9db15c55bd54',
    1,
    '1998-04-13 00:34:33'
  ),(
    198,
    'cxjjo',
    'bd326a94be6de1cda689c6fda9003bcb',
    1,
    '2019-06-18 22:20:05'
  ),(
    199,
    'ydpnnqrgr',
    'b9762b6dcf56b31d420f85d685a31678',
    1,
    '1988-11-20 09:59:31'
  ),(
    200,
    'fbbccfdrdovupozgyc',
    '6d35655802b0ae50dcd0d33c601f62c8',
    1,
    '1970-01-18 10:32:59'
  ),(
    201,
    'bxekijcvkvyjaivrb',
    'acec6aadd040b7c1c17203701d6b7b34',
    1,
    '1991-11-02 01:35:01'
  ),(
    202,
    'qjyltjp',
    '5b3a14ae0655a88af58bd7b58e99b120',
    1,
    '2021-04-03 09:58:09'
  ),(
    203,
    'huqpydiisjdcnoie',
    'd42f4727ede1a7f191ef42f1a70df832',
    1,
    '2008-05-05 20:20:19'
  ),(
    204,
    'ifonbwzqkurrs',
    'dafdf28006f0fd5fd2d0ede918526df4',
    1,
    '1971-02-18 02:57:03'
  ),(
    205,
    'wqtprvbp',
    '8b232bfda4af9f869b92a03bd08f8c46',
    1,
    '2019-12-24 12:03:35'
  ),(
    206,
    'vqfdnhqvombrildo',
    '9b3b7193ed6b69639c5784a43a988d68',
    1,
    '2010-08-27 18:00:45'
  ),(
    207,
    'bgmgojkm',
    'cb4c4d2226e98851da9cf1d710165461',
    1,
    '1995-06-07 01:33:50'
  ),(
    208,
    'yybblsmpeidyrkdmxnq',
    '4eed60f703b884f448ac9ec629dda748',
    1,
    '2013-07-14 16:54:18'
  ),(
    209,
    'vbreltiqx',
    'e6e4cc9d156119752f6b8b9c1cf23472',
    1,
    '2005-09-02 06:01:11'
  ),(
    210,
    'zlokjux',
    'b764a7bfe58bc0883a447861ec4a09e4',
    1,
    '1996-02-09 18:08:21'
  ),(
    211,
    'gtrwxruxuoeyspoh',
    '380b77f18ade15ddb54b861b9d2839ef',
    1,
    '1988-10-30 04:51:56'
  ),(
    212,
    'xygpgctojagsfxyxyrl',
    '4ffff25c30ee09b0386947e5b8f80243',
    1,
    '2017-03-28 16:30:52'
  ),(
    213,
    'wktiitpcfhfbwxska',
    '693126926d1313639860fd5f664cf472',
    1,
    '1995-06-19 16:02:16'
  ),(
    214,
    'cnsctrrruprp',
    '771813726f3440d9ee67748735219e0d',
    1,
    '1988-12-12 20:36:12'
  ),(
    215,
    'xkdjqkmukrjvkk',
    'bc622a519016d54885026f905abb43d8',
    1,
    '2003-03-06 11:23:16'
  ),(
    216,
    'dgabhyotkrvejdejnr',
    'f97a9828640b6349b36640ac67bafda4',
    1,
    '2004-10-01 18:50:16'
  ),(
    217,
    'bkmgtxided',
    'b7b900be091131da50f21151a8590221',
    1,
    '1976-09-22 23:16:52'
  ),(
    218,
    'xgsaeb',
    'da7483e08616b5bb4b38cc2ab3bb930d',
    1,
    '1987-07-30 05:44:06'
  ),(
    219,
    'qwiikxcycmmq',
    'ca7928f5bab0fae148a092c2674021bc',
    1,
    '1975-04-13 15:23:06'
  ),(
    220,
    'eimkkyuetpu',
    '24b05ceb680d0921ac7bda02434bec44',
    1,
    '1992-06-20 16:05:33'
  ),(
    221,
    'nawsiuhyvwmhsckui',
    'd691d59c24c52f46a0e98195837c2c28',
    1,
    '2016-02-26 15:47:10'
  ),(
    222,
    'tgjglhp',
    '954b878bc4a25a23f92f224d37c96050',
    1,
    '2010-07-11 17:54:02'
  ),(
    223,
    'gkhvcnjbcgdkln',
    '64bda9a8a972ffcff89f77ba88fa040b',
    1,
    '1971-01-10 19:54:01'
  ),(
    224,
    'soiuqmfeg',
    '6788b3ddadbd70043163bd98adc515d4',
    1,
    '1974-02-11 18:39:23'
  ),(
    225,
    'lbsxtn',
    'eafe4c22a349a23cf9cacd8d6aa077f5',
    1,
    '1989-01-11 23:18:11'
  ),(
    226,
    'oiejlgncu',
    '6659eef13547c21354c91c5714b52ebd',
    1,
    '1986-06-02 21:40:09'
  ),(
    227,
    'mmqlianumbioqkq',
    'e71f7bdde8f0362464c5c6fa5bfc50db',
    1,
    '1983-04-13 00:27:50'
  ),(
    228,
    'wskdqjsqgkiujcrd',
    'e8268ba92a9e66c862ac41068671a272',
    1,
    '1975-05-13 16:56:31'
  ),(
    229,
    'nrhdjbdludgrmr',
    '7c434897413d6117c6546f54737ff166',
    1,
    '1979-10-24 12:51:57'
  ),(
    230,
    'lqtmfdemtbgoudnhklt',
    '6ef11e16cbc54d86cee8caed1ba08054',
    1,
    '2010-10-07 05:58:28'
  ),(
    231,
    'nlrgwgkyltbxlvd',
    '2a4ec61a5d951bedfaf7c2eeacd359f7',
    1,
    '1995-06-13 14:02:20'
  ),(
    232,
    'kgianneg',
    '514c7be1e2a146bdcb7585e8e683acf9',
    1,
    '1985-01-01 16:04:51'
  ),(
    233,
    'lplarjpnrcko',
    'b88b3e2ec503fbd4425c184fad7095d4',
    1,
    '2005-10-22 03:50:00'
  ),(
    234,
    'clzmusjojyr',
    '7e11044c92abd0544b869d70f7bbd4a9',
    1,
    '2019-07-23 19:54:06'
  ),(
    235,
    'avhxjmtxlorikepmltx',
    '9ff777daa4b451b970d9cf829184a6e2',
    1,
    '1991-12-08 18:44:46'
  ),(
    236,
    'vhjgdmxmvowukpvpsxd',
    '5c03c347af023666e7cfa68e9705a0d7',
    1,
    '2008-07-08 03:34:32'
  ),(
    237,
    'bybhul',
    '9c30d4fbb01d3f20ee4742813f533ca4',
    1,
    '2018-04-08 04:40:06'
  ),(
    238,
    'skvlbe',
    'a20614e687cefbc79b6f851d80225c75',
    1,
    '1980-05-21 15:56:10'
  ),(
    239,
    'jrhpvgq',
    '2e3aefdb5375c6a6822557389824425f',
    1,
    '2019-05-12 05:37:36'
  ),(
    240,
    'ezkgxxfvc',
    'b7a6697202b76f919cd46a5e19b0506b',
    1,
    '2000-08-04 22:56:28'
  ),(
    241,
    'khrnxylkkjvyitegm',
    '081819fa3df3b79cf1a01184c27c9899',
    1,
    '1986-06-01 12:04:38'
  ),(
    242,
    'gxyvwgytigxdl',
    '7e7ce94c744e772cdebc69b1ac6a7c56',
    1,
    '2007-05-22 00:17:27'
  ),(
    243,
    'lcuiqbms',
    'da1bfd495118423ad8e8622b11de9ccb',
    1,
    '1993-06-29 18:16:21'
  ),(
    244,
    'mhovgiehiypdq',
    '895207a230b41141d977c64105568b0e',
    1,
    '1987-07-01 11:21:31'
  ),(
    245,
    'qmpwfcbd',
    '82757be00c10e58394109b20b3e2df7c',
    1,
    '2013-05-04 14:52:58'
  ),(
    246,
    'xdzaurssnouapyoefzqm',
    'a2ebfa611e880c957d82528fd543c5e1',
    1,
    '2009-07-25 01:43:44'
  ),(
    247,
    'okuuzuqkqsxd',
    '25b6057c9384f9ce3000d92c265e23e7',
    1,
    '1996-02-10 23:14:55'
  ),(
    248,
    'mmwdejedqn',
    '06a74a22513768d2d9571459ac6aa878',
    1,
    '1989-11-27 18:06:43'
  ),(
    249,
    'yvlxewpdfvdb',
    '717cd00692d45c7d904fccc57cfbcba3',
    1,
    '2010-06-05 14:08:19'
  ),(
    250,
    'vxlmvscwxqbprcwr',
    '3324218d33a98b8e9ab63d04be6bebf7',
    1,
    '1970-05-10 19:15:25'
  ),(
    251,
    'ckgmktrnupjr',
    '9a7b256457ed0e44197590aaa5b66bda',
    1,
    '1981-12-13 04:43:02'
  ),(
    252,
    'nunnxgihbrgzi',
    'c77bcd1abc27c651fa82558b3c30cbf1',
    1,
    '1985-09-18 13:55:11'
  ),(
    253,
    'lqfdmfijxk',
    '174e7bdc73eb4178d8b34a238665d218',
    1,
    '1994-10-22 04:43:27'
  ),(
    254,
    'cxdkygrkqa',
    'b1758365c5f96792033e3771b2b37b48',
    1,
    '1989-09-22 02:02:39'
  ),(
    255,
    'onevywxodvpepiskex',
    '6f8ffb4a3ae8b8d22a5a0f86761845fc',
    1,
    '1978-06-14 04:00:36'
  ),(
    256,
    'grrbsroatr',
    '0233125e9886a4646491b5c2248048bb',
    1,
    '2009-12-29 01:15:55'
  ),(
    257,
    'gfkacelbql',
    '6fc99d81401c15f67fc0e0ec37108cd2',
    1,
    '2014-09-11 11:03:31'
  ),(
    258,
    'ippmoniipcwgtbhovr',
    'b06f82e7034c4b2cca2fd918730bf19c',
    1,
    '1988-08-07 23:07:30'
  ),(
    259,
    'mtulwevum',
    'a2630f3b6219f7fee95cd26bc198e9e0',
    1,
    '1974-08-02 19:07:32'
  ),(
    260,
    'kjhsojatf',
    'e5dd3d6643c81a5b4246c7093c38a93b',
    1,
    '1986-08-07 05:58:29'
  ),(
    261,
    'vvdpeffd',
    'c8c0da30e43b693fa6838ba7999612a9',
    1,
    '1991-03-29 20:25:31'
  ),(
    262,
    'dplundeqq',
    '87807f3740c1afe9840e93f3b597c86a',
    1,
    '1996-05-06 04:53:32'
  ),(
    263,
    'sahlfltgsm',
    '39d99066ef454a07a7c0260f9ba5823b',
    1,
    '1987-05-14 00:57:22'
  ),(
    264,
    'lzxcowxfymxkxzxgosk',
    'd1419d93cdf978bdd14c3b933fa5096a',
    1,
    '2003-08-05 13:39:20'
  ),(
    265,
    'stvkiufmd',
    '566f4e1ef119f6fa50a92c141ffa7eaf',
    1,
    '2005-09-17 11:04:23'
  ),(
    266,
    'qlqxntlhwg',
    'f7055a210bfdfde0309594f212f7c416',
    1,
    '1983-07-25 14:59:08'
  ),(
    267,
    'rokfxusnjjwve',
    'dc0ee7a05089fd0431402e48988202b3',
    1,
    '2004-11-17 02:49:21'
  ),(
    268,
    'fohmkmvr',
    'f85937f09d32fb6475dac725661e9566',
    1,
    '1989-07-12 12:09:16'
  ),(
    269,
    'bvvmbhviipbd',
    'a54b6053f85ef04f7744ae5898b17202',
    1,
    '2015-07-17 22:20:21'
  ),(
    270,
    'uwnyhpdojshmr',
    '8c06d2c3f1b126a8493802544bfcb81f',
    1,
    '2016-07-09 08:49:56'
  ),(
    271,
    'vtleehlgbpnjpiksvutd',
    '4d8517a816b3efd2b4c3ed50ff9a5c14',
    1,
    '1978-04-05 20:29:53'
  ),(
    272,
    'clqlubldepcpfhdg',
    'd6d4b51124d5ce05b922a088048f83ca',
    1,
    '1981-12-29 00:53:45'
  ),(
    273,
    'cvjwkqbi',
    'b2f59c76bc43ae05d7745a9b88ded3c7',
    1,
    '1987-09-12 21:46:11'
  ),(
    274,
    'nsuynyd',
    'e465ceccbf6452212ef9c86517c02523',
    1,
    '1987-06-22 12:24:42'
  ),(
    275,
    'jzphtmybawuyfnmy',
    '5cd51f6f70ae86adb910029c8f4e70b9',
    1,
    '1970-07-06 22:11:10'
  ),(
    276,
    'hbnkxrjlpl',
    'cf2b2a4542088a5ec6004b6ff66e735b',
    1,
    '2010-07-14 20:43:25'
  ),(
    277,
    'cdeaatvrsxrkfdvg',
    '884e9cc9448becf07a697a733df2dc7a',
    1,
    '1981-11-07 18:48:06'
  ),(
    278,
    'rmtjksueywqzt',
    '8d05f948214d8f9c5c9b995f3b702232',
    1,
    '2003-12-16 10:41:46'
  ),(
    279,
    'ntsrhoiakswcvku',
    'a0991811982ade1c6492ef939df7ed8c',
    1,
    '1994-12-26 08:10:59'
  ),(
    280,
    'eqhabgv',
    '285b9fc29bd7794a8341ea5665503690',
    1,
    '2011-04-21 20:24:08'
  ),(
    281,
    'bnfsyelzothchcn',
    '17aa9ba5789d2054b3618dad3d3797c0',
    1,
    '2009-06-08 00:38:45'
  ),(
    282,
    'xxsxfcuchcmaqennpuv',
    'd8649b5aad5cb9d69a9a3b505833bb7a',
    1,
    '2005-02-12 02:42:51'
  ),(
    283,
    'mqxuyokg',
    '798a2739a55390ce04d99da043573af3',
    1,
    '1987-06-09 00:15:38'
  ),(
    284,
    'fadkel',
    '07988d74ee54b99501cf67efeae3a1dd',
    1,
    '2000-01-08 06:38:12'
  ),(
    285,
    'nhulino',
    '1cb28de6193d3e156826a73fdaa58b7a',
    1,
    '1978-12-31 00:31:01'
  ),(
    286,
    'sgbmedpjdqfa',
    '5b3b7854b79143de9da6edde4bba7ed9',
    1,
    '1990-08-06 18:19:48'
  ),(
    287,
    'lfwxqhh',
    'b0caba7948862486eeae06e9672a60bb',
    1,
    '2009-08-23 20:21:20'
  ),(
    288,
    'unbmhtlghfyybxsbgp',
    '4468fe0e57e6de0451a02d3d793d4be4',
    1,
    '1975-02-08 06:02:38'
  ),(
    289,
    'yxgntspxcx',
    'fcf473018c4190e67f0964cc99913380',
    1,
    '1989-09-16 12:47:02'
  ),(
    290,
    'iaetwd',
    'a9cd532b0004f0729b7068f8bc4cef3f',
    1,
    '1978-07-17 05:39:43'
  ),(
    291,
    'zsmpymvgffngjor',
    '90b353af5ebaa9dde23dc9e1f72c4654',
    1,
    '1991-01-16 05:06:02'
  ),(
    292,
    'xmdnjwtmesr',
    '7407793d081bee4f9f093b90aa3bd68e',
    1,
    '1983-01-29 17:37:45'
  ),(
    293,
    'hbjsbfxxidumj',
    '32774c25e852b311eafbd5e6540ce863',
    1,
    '1982-07-08 20:52:27'
  ),(
    294,
    'vmkevjzeqsoi',
    '8ff0df579073dedd81e01032d7abeb43',
    1,
    '2005-11-01 15:00:20'
  ),(
    295,
    'jqjconrujtewrknhyw',
    '03c397a239c6ec10a5a1e1da3856673d',
    1,
    '2017-12-02 04:39:31'
  ),(
    296,
    'luwqlqpdcvecwvq',
    'e8bf58c772f08c8c767a0de71a83c063',
    1,
    '1976-07-31 12:03:52'
  ),(
    297,
    'ysqjofuzx',
    'afa6a9b919a24b1ef3166d898e634532',
    1,
    '1977-06-06 10:53:14'
  ),(
    298,
    'gfngeighvtyyxfps',
    '1d4ad55bd630ca8beb40abd1d9d3a24d',
    1,
    '1997-03-13 13:06:28'
  ),(
    299,
    'xtlxylznepolhykvuuh',
    '65e740dfd1e63b7bb6f7e8d042505933',
    1,
    '2020-05-15 01:07:47'
  ),(
    300,
    'bflkeeckk',
    '2653e58ff670f64b2aa776b4b9e799b3',
    1,
    '2000-02-01 02:25:23'
  ),(
    301,
    'ysrhifpxbvbswme',
    '2b48c40345197932533c198c364960c7',
    1,
    '2002-02-05 08:43:16'
  ),(
    302,
    'jdgrvolkxlbtnukw',
    'ff2f0d54d5ecbaa6d7086e3ae69072a9',
    1,
    '1997-02-24 04:54:36'
  ),(
    303,
    'vnjricusvdlzkuodqj',
    'a1193d99cc59388d3c547fd63429e02a',
    1,
    '1982-06-01 17:27:40'
  ),(
    304,
    'ewbpnsmhxzbnd',
    '364d4472b0a4ea3820fa702ee134f795',
    1,
    '1974-05-21 17:25:16'
  ),(
    305,
    'befeskjybsbdpr',
    '114fa6cabf34ffce92891e45817afcd4',
    1,
    '1996-01-03 11:56:35'
  ),(
    306,
    'wiplggbjujjo',
    'a5327c968c0442f4e82ac0b7d28dbd1f',
    1,
    '1971-10-03 17:15:16'
  ),(
    307,
    'eyfufvkozfnzmel',
    '238dd478a32217c4eb903227e30c38e9',
    1,
    '1991-10-24 12:57:20'
  ),(
    308,
    'noceagjmxzyktrmi',
    'c176ecf36b29abce0e7fc960c516fc07',
    1,
    '1993-05-29 12:27:50'
  ),(
    309,
    'psamlomnhukoic',
    'e8e43e2c9fbc3ee478ef3a5a476b5716',
    1,
    '1981-01-04 16:17:43'
  ),(
    310,
    'uoxjeyziinrhtfxoc',
    '2ad29b7457b09d89df5c4d525f09a1dc',
    1,
    '1979-03-20 11:48:18'
  ),(
    311,
    'mcbyolycw',
    '07534329e9cfd90801c5c7438c264bf1',
    1,
    '1988-09-26 10:05:00'
  ),(
    312,
    'nrgppbmjmqowdydgoer',
    'b3d3dbbba3d817817405ceda200b0cdd',
    1,
    '2008-09-18 02:27:46'
  ),(
    313,
    'iduqqsmeomufmur',
    '2db77375624602b3ec4732450b6b530d',
    1,
    '2013-04-29 16:54:41'
  ),(
    314,
    'xyobqxbbvabxelpyst',
    '3c43497336f1da5a0e17d113a1d58f9e',
    1,
    '2006-01-02 17:36:54'
  ),(
    315,
    'wjoxkybs',
    'd7c4ce586417fdcd373c617651be3e5a',
    1,
    '1976-04-22 22:29:38'
  ),(
    316,
    'ypqtahzr',
    '2b7ea2821162926a9a20eb8cafcdaa87',
    1,
    '2014-01-15 02:42:39'
  ),(
    317,
    'eytnlojhv',
    'a1ae5ed32cf1fa2d1c98a137ef9fd584',
    1,
    '2008-10-29 06:30:45'
  ),(
    318,
    'qkwalkuettqr',
    '21b9ea20417d25c53870e1088daf6b03',
    1,
    '2005-05-29 17:55:01'
  ),(
    319,
    'mpyxpjjjkupcnxvb',
    'e9fadf178c49091d9a870f3ab526647f',
    1,
    '2004-12-05 21:11:32'
  ),(
    320,
    'xywpqcpf',
    '575aabd334361bead74c6dcbfc91e63b',
    1,
    '2001-05-26 15:37:48'
  );

INSERT INTO
  users_data(
    id,
    first_name,
    last_name,
    birth_date,
    gender,
    user_id
  )
VALUES(5, NULL, NULL, NULL, NULL, 1),(6, NULL, NULL, NULL, NULL, 2),(21, 'Linda', 'Moore', '1974-02-05', 'male', 21),(22, 'Dorothy', 'Jackson', '1992-06-04', 'male', 22),(23, 'Sharon', 'Lewis', '1983-09-08', 'male', 23),(24, 'Mark', 'Harris', '1991-09-12', 'male', 24),(25, 'Margaret', 'Davis', '2015-09-01', 'male', 25),(26, 'Brian', 'Jackson', '2000-02-10', 'female', 26),(27, 'Matthew', 'Williams', '1979-11-15', 'female', 27),(28, 'Larry', 'Johnson', '1985-08-24', 'female', 28),(29, 'Christopher', 'Lee', '1976-02-28', 'male', 29),(30, 'Timothy', 'Moore', '1983-09-22', 'male', 30),(31, 'John', 'Hernandez', '1982-10-08', 'male', 31),(32, 'Barbara', 'Martinez', '1976-03-04', 'male', 32),(33, 'Nancy', 'Brown', '1993-08-20', 'male', 33),(34, 'Kenneth', 'Martin', '1999-12-03', 'female', 34),(35, 'Gary', 'Rodriguez', '1986-02-12', 'male', 35),(36, 'Maria', 'Gonzalez', '2018-11-25', 'male', 36),(37, 'Shirley', 'Young', '1974-04-07', 'female', 37),(38, 'Deborah', 'Anderson', '1973-02-15', 'female', 38),(39, 'David', 'Hernandez', '2010-11-13', 'female', 39),(40, 'Eric', 'Young', '1984-06-29', 'female', 40),(41, 'Ruth', 'Martinez', '1984-12-05', 'male', 41),(42, 'James', 'Taylor', '2011-06-19', 'male', 42),(43, 'Anna', 'Perez', '1995-06-05', 'male', 43),(44, 'Maria', 'Walker', '2006-11-25', 'male', 44),(45, 'Sharon', 'Rodriguez', '1990-06-30', 'female', 45),(46, 'Nancy', 'Robinson', '2013-01-02', 'female', 46),(47, 'George', 'Williams', '2012-03-29', 'male', 47),(48, 'Melissa', 'Miller', '2007-02-10', 'female', 48),(49, 'Steven', 'Rodriguez', '2006-06-01', 'male', 49),(50, 'Donald', 'Harris', '1983-08-06', 'male', 50),(51, 'Jennifer', 'Lewis', '2009-03-09', 'female', 51),(52, 'James', 'Martin', '1976-07-19', 'female', 52),(53, 'Jessica', 'Martin', '2019-01-29', 'female', 53),(54, 'David', 'Martinez', '2004-12-31', 'male', 54),(
    55,
    'Dorothy',
    'Hernandez',
    '1977-03-16',
    'female',
    55
  ),(56, 'Brenda', 'Garcia', '2003-11-04', 'male', 56),(57, 'Jessica', 'Gonzalez', '1978-01-14', 'female', 57),(58, 'William', 'White', '1989-03-14', 'female', 58),(59, 'Kenneth', 'Miller', '1974-09-25', 'female', 59),(60, 'Ronald', 'Robinson', '2016-02-15', 'male', 60),(61, 'Kenneth', 'Gonzalez', '1991-09-23', 'male', 61),(62, 'Frank', 'Jackson', '2000-07-27', 'male', 62),(63, 'Jose', 'Martinez', '2010-01-30', 'female', 63),(64, 'Anthony', 'Gonzalez', '2000-12-29', 'female', 64),(
    65,
    'Anthony',
    'Hernandez',
    '2012-05-12',
    'female',
    65
  ),(66, 'George', 'Smith', '1995-01-08', 'male', 66),(67, 'Sarah', 'Johnson', '2008-11-23', 'female', 67),(68, 'Linda', 'Perez', '2007-01-12', 'male', 68),(69, 'Brian', 'Lewis', '1979-03-30', 'male', 69),(70, 'Patricia', 'Young', '2016-05-18', 'male', 70),(71, 'Gary', 'Moore', '2012-06-22', 'female', 71),(72, 'Brenda', 'Hall', '1978-04-26', 'female', 72),(73, 'Steven', 'Thomas', '1984-12-18', 'female', 73),(74, 'Sandra', 'Harris', '1984-10-04', 'female', 74),(75, 'Matthew', 'Allen', '2008-12-29', 'male', 75),(76, 'Robert', 'Lopez', '1978-05-27', 'male', 76),(77, 'Patricia', 'Davis', '2012-11-16', 'female', 77),(78, 'Frank', 'Robinson', '1985-05-29', 'male', 78),(79, 'Brenda', 'Perez', '1972-12-13', 'male', 79),(80, 'Paul', 'Wilson', '1980-01-18', 'male', 80),(81, 'Dorothy', 'Taylor', '1990-03-19', 'female', 81),(82, 'William', 'White', '2002-12-09', 'female', 82),(83, 'Susan', 'Moore', '1986-09-26', 'female', 83),(84, 'Sharon', 'Martinez', '2021-06-24', 'male', 84),(85, 'Eric', 'Young', '2010-12-14', 'male', 85),(86, 'Timothy', 'Allen', '1972-02-13', 'male', 86),(87, 'Charles', 'Walker', '1977-09-29', 'male', 87),(88, 'Carol', 'White', '2013-11-08', 'female', 88),(89, 'Daniel', 'Williams', '1991-01-22', 'male', 89),(90, 'Cynthia', 'Martinez', '1982-03-03', 'male', 90),(91, 'Margaret', 'Lee', '2000-12-23', 'female', 91),(92, 'Ruth', 'Perez', '1990-10-26', 'female', 92),(93, 'Sandra', 'Moore', '1992-07-15', 'male', 93),(94, 'Barbara', 'Perez', '1981-04-08', 'female', 94),(95, 'Sarah', 'Walker', '2009-05-02', 'male', 95),(96, 'Eric', 'Jackson', '2011-07-07', 'male', 96),(97, 'Mark', 'Thompson', '2009-11-29', 'female', 97),(98, 'Joseph', 'Miller', '2010-05-10', 'male', 98),(99, 'Betty', 'Anderson', '2008-06-12', 'female', 99),(100, 'Donna', 'Perez', '2020-10-01', 'male', 100),(101, 'Thomas', 'Walker', '1995-03-23', 'female', 101),(102, 'Thomas', 'Martin', '1982-09-03', 'male', 102),(103, 'Susan', 'Lee', '1991-09-22', 'male', 103),(104, 'Michelle', 'Davis', '2003-11-18', 'female', 104),(105, 'Mark', 'Perez', '1995-03-26', 'female', 105),(106, 'Lisa', 'Rodriguez', '1990-01-10', 'male', 106),(107, 'Margaret', 'White', '2016-10-14', 'female', 107),(108, 'Brian', 'Clark', '1989-09-12', 'female', 108),(
    109,
    'Jeffrey',
    'Jackson',
    '1992-05-04',
    'female',
    109
  ),(110, 'Helen', 'Young', '2009-09-24', 'female', 110),(111, 'Michelle', 'Wilson', '2008-08-13', 'male', 111),(112, 'Shirley', 'Lopez', '2007-07-16', 'female', 112),(113, 'Ronald', 'Martin', '1991-01-05', 'male', 113),(114, 'Karen', 'Thomas', '1981-12-18', 'male', 114),(115, 'Sandra', 'Garcia', '2005-02-12', 'male', 115),(116, 'Kenneth', 'Miller', '1980-07-03', 'female', 116),(117, 'Jason', 'Martin', '1989-01-02', 'male', 117),(118, 'Dorothy', 'Hall', '1982-10-26', 'female', 118),(119, 'Nancy', 'Lopez', '1992-07-07', 'female', 119),(120, 'Gary', 'Wilson', '1994-01-10', 'male', 120),(121, 'Thomas', 'Davis', '2002-02-20', 'male', 121),(122, 'Jeffrey', 'Martinez', '1993-06-02', 'male', 122),(123, 'Larry', 'Miller', '1985-12-10', 'female', 123),(124, 'Gary', 'Davis', '2020-05-08', 'female', 124),(125, 'Nancy', 'Brown', '1974-12-16', 'male', 125),(126, 'Timothy', 'Miller', '1971-02-28', 'female', 126),(127, 'Charles', 'Martinez', '1990-05-28', 'male', 127),(128, 'Charles', 'Harris', '1977-12-26', 'female', 128),(129, 'Ronald', 'Martin', '1979-04-05', 'male', 129),(130, 'Charles', 'White', '2009-11-11', 'female', 130),(131, 'Linda', 'Walker', '2016-12-27', 'male', 131),(132, 'Sharon', 'Williams', '2013-01-30', 'male', 132),(133, 'Brian', 'Harris', '2008-06-04', 'male', 133),(134, 'James', 'Thomas', '1986-07-29', 'female', 134),(
    135,
    'Jennifer',
    'Wilson',
    '2007-06-11',
    'female',
    135
  ),(
    136,
    'Jennifer',
    'Martin',
    '2013-09-11',
    'female',
    136
  ),(137, 'Eric', 'Rodriguez', '1986-06-27', 'female', 137),(138, 'Eric', 'Johnson', '2008-11-03', 'male', 138),(
    139,
    'Christopher',
    'Smith',
    '1980-12-11',
    'female',
    139
  ),(140, 'Linda', 'Moore', '2002-06-15', 'female', 140),(141, 'Thomas', 'Clark', '2001-02-05', 'female', 141),(142, 'Sarah', 'Hernandez', '2014-11-15', 'male', 142),(143, 'Cynthia', 'White', '1977-10-22', 'female', 143),(144, 'Daniel', 'White', '1982-01-14', 'female', 144),(
    145,
    'Dorothy',
    'Hernandez',
    '2004-09-10',
    'male',
    145
  ),(146, 'Michelle', 'Jackson', '2009-03-31', 'male', 146),(147, 'Steven', 'Jones', '1998-08-08', 'female', 147),(
    148,
    'Christopher',
    'Lee',
    '1974-03-04',
    'female',
    148
  ),(149, 'Scott', 'Moore', '1972-06-03', 'female', 149),(150, 'Larry', 'Harris', '2009-11-24', 'female', 150),(151, 'Dorothy', 'Robinson', '1988-08-05', 'male', 151),(152, 'Joseph', 'Thomas', '1970-08-29', 'female', 152),(153, 'Scott', 'Wilson', '2007-12-30', 'male', 153),(
    154,
    'Michelle',
    'Robinson',
    '1972-11-23',
    'male',
    154
  ),(155, 'Jeffrey', 'Walker', '1993-08-06', 'female', 155),(156, 'Robert', 'Young', '1995-05-30', 'male', 156),(157, 'George', 'Lewis', '2015-10-20', 'male', 157),(
    158,
    'Michelle',
    'Williams',
    '2005-10-20',
    'female',
    158
  ),(159, 'Joseph', 'Jackson', '1994-07-15', 'male', 159),(160, 'Matthew', 'Martinez', '2004-04-22', 'male', 160),(161, 'Joseph', 'Clark', '1983-11-29', 'male', 161),(162, 'Charles', 'Miller', '1983-09-02', 'male', 162),(163, 'Kenneth', 'Lewis', '1971-06-09', 'female', 163),(164, 'Edward', 'Young', '1979-02-24', 'male', 164),(165, 'Karen', 'Johnson', '1977-10-01', 'male', 165),(166, 'Jose', 'Perez', '1998-05-04', 'female', 166),(167, 'Mark', 'Harris', '1991-05-04', 'female', 167),(168, 'Ruth', 'Davis', '2019-05-31', 'female', 168),(169, 'Carol', 'Moore', '1989-02-02', 'female', 169),(170, 'Edward', 'Hall', '2005-01-31', 'female', 170),(171, 'Barbara', 'Moore', '2016-05-16', 'female', 171),(172, 'William', 'Clark', '2013-06-15', 'male', 172),(173, 'Susan', 'Lewis', '2017-11-11', 'male', 173),(174, 'Karen', 'Young', '1992-01-11', 'male', 174),(175, 'Carol', 'Perez', '1975-01-27', 'female', 175),(176, 'Betty', 'Lopez', '1970-07-27', 'male', 176),(177, 'Linda', 'Rodriguez', '1978-05-16', 'male', 177),(
    178,
    'Kimberly',
    'Walker',
    '2012-06-17',
    'female',
    178
  ),(179, 'Karen', 'Smith', '2005-07-19', 'female', 179),(180, 'Carol', 'Lee', '2012-10-21', 'female', 180),(181, 'Laura', 'Walker', '2003-06-04', 'female', 181),(182, 'Maria', 'Robinson', '1992-08-29', 'female', 182),(183, 'Dorothy', 'Clark', '2017-05-04', 'male', 183),(184, 'Helen', 'Miller', '1985-05-08', 'male', 184),(
    185,
    'Richard',
    'Jackson',
    '1995-02-23',
    'female',
    185
  ),(186, 'Sarah', 'Young', '1985-04-26', 'male', 186),(187, 'Mary', 'Davis', '2006-02-02', 'female', 187),(
    188,
    'Shirley',
    'Hernandez',
    '1990-09-20',
    'female',
    188
  ),(189, 'David', 'Gonzalez', '1999-11-23', 'male', 189),(
    190,
    'Christopher',
    'White',
    '1978-10-05',
    'male',
    190
  ),(191, 'Sharon', 'Jones', '2006-03-31', 'female', 191),(192, 'Matthew', 'Taylor', '2011-07-22', 'female', 192),(
    193,
    'Margaret',
    'Johnson',
    '2019-04-24',
    'female',
    193
  ),(194, 'Robert', 'Perez', '2019-08-26', 'male', 194),(195, 'Steven', 'Moore', '1996-05-04', 'female', 195),(196, 'Richard', 'Allen', '2019-11-21', 'female', 196),(197, 'Matthew', 'Garcia', '1976-01-30', 'female', 197),(198, 'Lisa', 'Williams', '1991-12-29', 'male', 198),(199, 'Larry', 'Jackson', '2017-08-29', 'female', 199),(200, 'Carol', 'Walker', '2020-08-05', 'male', 200),(201, 'Donna', 'Hernandez', '1982-01-28', 'male', 201),(202, 'Helen', 'Thomas', '1987-02-08', 'male', 202),(203, 'John', 'Jones', '1985-10-05', 'male', 203),(204, 'Shirley', 'Miller', '1977-10-08', 'male', 204),(205, 'Paul', 'Young', '2009-09-20', 'male', 205),(206, 'Timothy', 'Johnson', '1999-09-10', 'male', 206),(207, 'Daniel', 'Young', '2001-12-14', 'female', 207),(208, 'Mark', 'Smith', '2006-03-05', 'female', 208),(209, 'Robert', 'Jackson', '2020-09-23', 'male', 209),(210, 'Betty', 'Martinez', '1970-04-12', 'female', 210),(
    211,
    'Brian',
    'Hernandez',
    '2013-06-13',
    'female',
    211
  ),(
    212,
    'Melissa',
    'Rodriguez',
    '1985-12-22',
    'male',
    212
  ),(213, 'Betty', 'Martinez', '2003-01-20', 'male', 213),(214, 'Dorothy', 'Perez', '1997-08-24', 'male', 214),(215, 'George', 'Harris', '2007-08-04', 'female', 215),(216, 'Betty', 'Perez', '1998-09-29', 'female', 216),(217, 'Frank', 'Robinson', '1993-12-15', 'female', 217),(218, 'Robert', 'Lopez', '1976-03-20', 'female', 218),(219, 'Jose', 'Moore', '1996-02-15', 'female', 219),(220, 'Joseph', 'Johnson', '1977-03-20', 'female', 220),(221, 'Richard', 'Martinez', '1973-09-13', 'male', 221),(222, 'George', 'Moore', '1985-03-15', 'male', 222),(223, 'Mark', 'Wilson', '1979-12-10', 'female', 223),(
    224,
    'Brenda',
    'Gonzalez',
    '2006-11-07',
    'female',
    224
  ),(
    225,
    'Richard',
    'Martinez',
    '1992-12-07',
    'female',
    225
  ),(226, 'Joseph', 'Young', '2021-03-18', 'female', 226),(227, 'John', 'Rodriguez', '2002-09-25', 'female', 227),(228, 'Jason', 'Moore', '2015-02-25', 'female', 228),(229, 'Deborah', 'Moore', '1983-07-10', 'male', 229),(230, 'Laura', 'Walker', '2003-09-20', 'female', 230),(231, 'Frank', 'Lee', '2018-11-23', 'male', 231),(232, 'Brian', 'Rodriguez', '1974-07-25', 'male', 232),(233, 'Kevin', 'Hall', '1979-02-25', 'female', 233),(234, 'Paul', 'Robinson', '1982-10-01', 'male', 234),(235, 'Helen', 'Lopez', '2013-03-29', 'male', 235),(236, 'Susan', 'Clark', '2016-03-16', 'female', 236),(237, 'Frank', 'Harris', '2001-02-07', 'female', 237),(238, 'Margaret', 'Harris', '1983-11-10', 'male', 238),(239, 'Amy', 'Walker', '1985-05-16', 'female', 239),(240, 'Jose', 'Taylor', '2004-06-17', 'male', 240),(241, 'Timothy', 'Harris', '2009-05-08', 'female', 241),(242, 'Richard', 'Clark', '2002-02-10', 'female', 242),(243, 'Robert', 'Moore', '1996-05-24', 'male', 243),(
    244,
    'Dorothy',
    'Rodriguez',
    '2004-10-09',
    'male',
    244
  ),(245, 'Scott', 'Robinson', '1987-08-14', 'female', 245),(246, 'Gary', 'Hall', '2014-01-17', 'male', 246),(247, 'William', 'Taylor', '2021-04-19', 'male', 247),(248, 'Sarah', 'Lopez', '1999-04-24', 'male', 248),(249, 'Jose', 'Young', '1979-10-18', 'male', 249),(250, 'Thomas', 'Perez', '2000-10-10', 'male', 250),(251, 'Jason', 'Walker', '1980-02-26', 'male', 251),(
    252,
    'Jeffrey',
    'Rodriguez',
    '2013-07-29',
    'female',
    252
  ),(253, 'Richard', 'Martin', '1988-11-28', 'male', 253),(254, 'Brian', 'Martin', '1981-02-28', 'female', 254),(255, 'Karen', 'White', '1987-12-04', 'male', 255),(256, 'Eric', 'Rodriguez', '2013-02-02', 'female', 256),(257, 'George', 'Garcia', '1997-10-26', 'male', 257),(258, 'Karen', 'Williams', '1989-12-12', 'male', 258),(259, 'Ruth', 'Thomas', '2015-01-06', 'male', 259),(260, 'Ronald', 'Moore', '1977-10-04', 'female', 260),(261, 'Larry', 'Lopez', '2000-09-12', 'male', 261),(262, 'Daniel', 'Garcia', '1970-03-11', 'female', 262),(263, 'John', 'Martinez', '2005-12-18', 'male', 263),(264, 'Carol', 'Garcia', '2013-02-25', 'male', 264),(265, 'Melissa', 'Wilson', '1994-07-20', 'male', 265),(266, 'Anthony', 'Davis', '1983-10-08', 'female', 266),(267, 'Helen', 'Hall', '1983-03-18', 'male', 267),(268, 'John', 'Hall', '1970-10-12', 'male', 268),(269, 'Barbara', 'Miller', '2015-08-29', 'female', 269),(
    270,
    'Barbara',
    'Hernandez',
    '1981-10-25',
    'female',
    270
  ),(271, 'Kimberly', 'Moore', '1990-06-07', 'female', 271),(272, 'Richard', 'Davis', '2017-11-24', 'female', 272),(273, 'Shirley', 'Walker', '1989-01-01', 'male', 273),(274, 'Timothy', 'Hall', '1991-10-29', 'male', 274),(275, 'Carol', 'Lee', '1973-01-11', 'male', 275),(276, 'Laura', 'Williams', '1996-12-22', 'male', 276),(277, 'Helen', 'Rodriguez', '1990-04-21', 'male', 277),(278, 'Gary', 'Wilson', '2017-12-26', 'male', 278),(279, 'Paul', 'Thomas', '2001-11-20', 'female', 279),(280, 'Robert', 'White', '2004-03-17', 'female', 280),(281, 'Paul', 'Thompson', '2015-10-05', 'male', 281),(
    282,
    'Elizabeth',
    'Anderson',
    '1978-08-02',
    'female',
    282
  ),(283, 'Melissa', 'Williams', '1980-03-18', 'male', 283),(
    284,
    'Jason',
    'Hernandez',
    '1981-01-13',
    'female',
    284
  ),(285, 'Amy', 'Robinson', '1989-12-11', 'male', 285),(
    286,
    'Kimberly',
    'Williams',
    '1977-05-17',
    'female',
    286
  ),(287, 'Richard', 'Young', '1994-08-31', 'male', 287),(288, 'Karen', 'Jackson', '1993-08-16', 'male', 288),(289, 'Thomas', 'Lopez', '2015-08-04', 'male', 289),(290, 'Jose', 'Perez', '1977-11-07', 'male', 290),(291, 'Jeffrey', 'Jackson', '2009-01-14', 'male', 291),(292, 'James', 'Jones', '1974-04-13', 'male', 292),(293, 'Helen', 'Jackson', '1999-03-29', 'female', 293),(
    294,
    'Karen',
    'Rodriguez',
    '2015-04-19',
    'female',
    294
  ),(295, 'Betty', 'Perez', '1987-12-03', 'male', 295),(296, 'Sarah', 'Brown', '1991-12-24', 'female', 296),(297, 'Gary', 'Allen', '2010-04-08', 'female', 297),(298, 'Paul', 'Walker', '1972-03-30', 'female', 298),(299, 'Edward', 'Lopez', '1994-03-09', 'female', 299),(300, 'Mary', 'Williams', '2009-07-16', 'male', 300),(301, 'Sandra', 'Martinez', '1971-11-10', 'male', 301),(302, 'Jennifer', 'Moore', '2015-02-04', 'female', 302),(303, 'Jeffrey', 'Williams', '1979-12-30', 'male', 303),(304, 'Thomas', 'Taylor', '1986-01-04', 'female', 304),(305, 'Betty', 'Walker', '1985-02-05', 'female', 305),(306, 'James', 'Young', '1972-10-27', 'male', 306),(
    307,
    'Michelle',
    'Walker',
    '2000-05-09',
    'female',
    307
  ),(
    308,
    'Christopher',
    'Robinson',
    '2001-01-01',
    'male',
    308
  ),(309, 'Edward', 'Martin', '1985-11-11', 'male', 309),(310, 'Melissa', 'Walker', '1990-01-20', 'female', 310),(311, 'Daniel', 'Hall', '2014-07-08', 'male', 311),(312, 'Ruth', 'Brown', '2002-09-16', 'male', 312),(313, 'Mark', 'Wilson', '2011-02-17', 'female', 313),(314, 'Nancy', 'Moore', '2012-07-08', 'male', 314),(
    315,
    'Michael',
    'Anderson',
    '2015-12-26',
    'female',
    315
  ),(316, 'David', 'Thompson', '1978-04-14', 'female', 316),(317, 'Melissa', 'Young', '1983-10-02', 'male', 317),(318, 'Daniel', 'Garcia', '1974-02-25', 'male', 318),(319, 'Maria', 'Thompson', '2016-10-07', 'male', 319),(320, 'Jason', 'Thomas', '1995-05-15', 'female', 320);